{
  "IcoMoonType": "selection",
  "icons": [
    {
      "icon": {
        "paths": [
          "M267.52 749.056l535.040-499.383M267.52 249.673h535.040v499.383"
        ],
        "attrs": [
          {
            "fill": "none",
            "strokeLinejoin": "round",
            "strokeLinecap": "round",
            "strokeMiterlimit": "4",
            "strokeWidth": 109.71428571428571
          }
        ],
        "width": 1097,
        "isMulticolor": false,
        "isMulticolor2": false,
        "grid": 0,
        "tags": [
          "arrow"
        ]
      },
      "attrs": [
        {
          "fill": "none",
          "strokeLinejoin": "round",
          "strokeLinecap": "round",
          "strokeMiterlimit": "4",
          "strokeWidth": 109.71428571428571
        }
      ],
      "properties": {
        "order": 15,
        "id": 6,
        "name": "arrow",
        "prevSize": 32
      },
      "setIdx": 0,
      "setId": 12,
      "iconIdx": 0
    },
    {
      "icon": {
        "paths": [
          "M384 938.667c23.564 0 42.667-19.103 42.667-42.667s-19.103-42.667-42.667-42.667v0c-23.564 0-42.667 19.103-42.667 42.667s19.103 42.667 42.667 42.667v0zM853.333 938.667c23.564 0 42.667-19.103 42.667-42.667s-19.103-42.667-42.667-42.667v0c-23.564 0-42.667 19.103-42.667 42.667s19.103 42.667 42.667 42.667v0zM42.667 42.667h170.667l114.347 571.307c8.042 39.446 42.453 68.709 83.698 68.709 0.575 0 1.148-0.006 1.721-0.017l-0.086 0.001h414.72c0.487 0.010 1.060 0.016 1.635 0.016 41.246 0 75.657-29.263 83.605-68.159l0.094-0.55 68.267-357.973h-725.333"
        ],
        "attrs": [
          {
            "fill": "none",
            "strokeLinejoin": "round",
            "strokeLinecap": "round",
            "strokeMiterlimit": "4",
            "strokeWidth": 85.33333333333333
          }
        ],
        "isMulticolor": false,
        "isMulticolor2": false,
        "grid": 0,
        "tags": [
          "basket"
        ]
      },
      "attrs": [
        {
          "fill": "none",
          "strokeLinejoin": "round",
          "strokeLinecap": "round",
          "strokeMiterlimit": "4",
          "strokeWidth": 85.33333333333333
        }
      ],
      "properties": {
        "order": 16,
        "id": 5,
        "name": "basket",
        "prevSize": 32
      },
      "setIdx": 0,
      "setId": 12,
      "iconIdx": 1
    },
    {
      "icon": {
        "paths": [
          "M485.517 810.655c195.019 0 353.103-152.823 353.103-341.31 0-188.557-158.084-341.345-353.103-341.345s-353.103 152.823-353.103 341.345c0 188.487 158.084 341.31 353.103 341.31zM926.897 896l-192.018-185.591"
        ],
        "attrs": [
          {
            "fill": "none",
            "strokeLinejoin": "round",
            "strokeLinecap": "round",
            "strokeMiterlimit": "4",
            "strokeWidth": 70.62068965517241
          }
        ],
        "width": 1059,
        "isMulticolor": false,
        "isMulticolor2": false,
        "grid": 0,
        "tags": [
          "search-bottom"
        ]
      },
      "attrs": [
        {
          "fill": "none",
          "strokeLinejoin": "round",
          "strokeLinecap": "round",
          "strokeMiterlimit": "4",
          "strokeWidth": 70.62068965517241
        }
      ],
      "properties": {
        "order": 17,
        "id": 4,
        "name": "search-bottom",
        "prevSize": 32
      },
      "setIdx": 0,
      "setId": 12,
      "iconIdx": 2
    },
    {
      "icon": {
        "paths": [
          "M469.333 810.667c188.513 0 341.333-152.82 341.333-341.333s-152.82-341.333-341.333-341.333v0c-188.513 0-341.333 152.82-341.333 341.333s152.82 341.333 341.333 341.333v0zM896 896l-185.6-185.6"
        ],
        "attrs": [
          {
            "fill": "none",
            "strokeLinejoin": "round",
            "strokeLinecap": "round",
            "strokeMiterlimit": "4",
            "strokeWidth": 85.33333333333333
          }
        ],
        "isMulticolor": false,
        "isMulticolor2": false,
        "grid": 0,
        "tags": [
          "searc-icon"
        ]
      },
      "attrs": [
        {
          "fill": "none",
          "strokeLinejoin": "round",
          "strokeLinecap": "round",
          "strokeMiterlimit": "4",
          "strokeWidth": 85.33333333333333
        }
      ],
      "properties": {
        "order": 18,
        "id": 3,
        "name": "searc-icon",
        "prevSize": 32
      },
      "setIdx": 0,
      "setId": 12,
      "iconIdx": 3
    },
    {
      "icon": {
        "paths": [
          "M1408 128l-640 640-640-640"
        ],
        "attrs": [
          {
            "fill": "none",
            "stroke": "rgb(7, 8, 71)",
            "strokeLinejoin": "miter",
            "strokeLinecap": "butt",
            "strokeMiterlimit": "4",
            "strokeWidth": 192
          }
        ],
        "width": 1536,
        "isMulticolor": false,
        "isMulticolor2": false,
        "grid": 0,
        "tags": [
          "v-gal"
        ]
      },
      "attrs": [
        {
          "fill": "none",
          "stroke": "rgb(7, 8, 71)",
          "strokeLinejoin": "miter",
          "strokeLinecap": "butt",
          "strokeMiterlimit": "4",
          "strokeWidth": 192
        }
      ],
      "properties": {
        "order": 19,
        "id": 2,
        "name": "v-gal",
        "prevSize": 32
      },
      "setIdx": 0,
      "setId": 12,
      "iconIdx": 4
    },
    {
      "icon": {
        "paths": [
          "M512 984.615l-472.615-472.615 472.615-472.615"
        ],
        "attrs": [
          {
            "fill": "none",
            "strokeLinejoin": "round",
            "strokeLinecap": "round",
            "strokeMiterlimit": "4",
            "strokeWidth": 78.76923076923077
          }
        ],
        "width": 551,
        "isMulticolor": false,
        "isMulticolor2": false,
        "grid": 0,
        "tags": [
          "v-vert-left"
        ]
      },
      "attrs": [
        {
          "fill": "none",
          "strokeLinejoin": "round",
          "strokeLinecap": "round",
          "strokeMiterlimit": "4",
          "strokeWidth": 78.76923076923077
        }
      ],
      "properties": {
        "order": 20,
        "id": 1,
        "name": "v-vert-left",
        "prevSize": 32
      },
      "setIdx": 0,
      "setId": 12,
      "iconIdx": 5
    },
    {
      "icon": {
        "paths": [
          "M39.385 39.385l472.615 472.615-472.615 472.615"
        ],
        "attrs": [
          {
            "fill": "none",
            "strokeLinejoin": "round",
            "strokeLinecap": "round",
            "strokeMiterlimit": "4",
            "strokeWidth": 78.76923076923077
          }
        ],
        "width": 551,
        "isMulticolor": false,
        "isMulticolor2": false,
        "grid": 0,
        "tags": [
          "v-vert-right"
        ]
      },
      "attrs": [
        {
          "fill": "none",
          "strokeLinejoin": "round",
          "strokeLinecap": "round",
          "strokeMiterlimit": "4",
          "strokeWidth": 78.76923076923077
        }
      ],
      "properties": {
        "order": 21,
        "id": 0,
        "name": "v-vert-right",
        "prevSize": 32
      },
      "setIdx": 0,
      "setId": 12,
      "iconIdx": 6
    }
  ],
  "height": 1024,
  "preferences": {
    "showGlyphs": true,
    "showQuickUse": true,
    "showQuickUse2": true,
    "showSVGs": true,
    "fontPref": {
      "prefix": "icon-",
      "metadata": {
        "fontFamily": "icomoon"
      },
      "metrics": {
        "emSize": 1024,
        "baseline": 6.25,
        "whitespace": 50
      },
      "embed": false
    },
    "imagePref": {
      "prefix": "icon-",
      "png": true,
      "useClassSelector": true,
      "color": 0,
      "bgColor": 16777215,
      "classSelector": ".icon",
      "name": "icomoon",
      "height": 32,
      "columns": 16,
      "margin": 16
    },
    "historySize": 50,
    "showCodes": true,
    "gridSize": 16
  }
}